FECHA,HORA,ESTADO,PRODUCTO,TEXTO,TIKTOKLINK
2026-02-07,21:30,Programado,anillo_simson,No llega a 15€ el Anillo Simson 🔥,https://www.tiktok.com/@lotopdevicky/video/7604179002613370134
2026-02-09,8:54,Programado,aceite_oregano_vivonu,Pack de 3 con 1 gratis en Aceite de Orégano VivoNu 🔥,https://www.tiktok.com/@lotopdevicky/video/7604547368133987606
2026-02-09,14:33,Programado,aceite_oregano_vivonu,Pack de 3 con 1 gratis en Aceite de Orégano VivoNu 🔥,https://www.tiktok.com/@lotopdevicky/video/7604547118447004950
2026-02-09,15:00,Programado,anillo_simson,No llega a 15€ el Anillo Simson 🔥,https://www.tiktok.com/@lotopdevicky/video/7604542757595516182
2026-02-10,8:14,Programado,aceite_oregano_vivonu,Pack de 3 con 1 gratis en Aceite de Orégano VivoNu 🔥,https://www.tiktok.com/@lotopdevicky/video/7604546734286556438
2026-02-10,8:22,Programado,botella_bottle_bottle,No llega a 25€ la Botella Bottle Bottle 🔥,https://www.tiktok.com/@lotopdevicky/video/7604962975744675094
2026-02-10,13:31,Programado,aceite_oregano_vivonu,Pack de 3 con 1 gratis en Aceite de Orégano VivoNu 🔥,https://www.tiktok.com/@lotopdevicky/video/7605205178794446102
2026-02-10,15:25,Programado,anillo_simson,No llega a 15€ el Anillo Simson 🔥,
2026-02-10,21:14,Programado,botella_bottle_bottle,No llega a 25€ la Botella Bottle Bottle 🔥,https://www.tiktok.com/@lotopdevicky/video/7605204005718887702
2026-02-11,8:00,Programado,arrancador_coche_EIGOTRAV,10€ de cupón en Arrancador de Batería EIGOTRAV 🔥,https://www.tiktok.com/@lotopdevicky/video/7605295144379665667
2026-02-11,10:35,Programado,aceite_oregano_vivonu,Pack de 3 con 1 gratis en Aceite de Orégano VivoNu 🔥,https://www.tiktok.com/@lotopdevicky/video/7605203271086525699
2026-02-11,13:35,Programado,aceite_oregano_vivonu,Pack de 3 con 1 gratis en Aceite de Orégano VivoNu 🔥,https://www.tiktok.com/@lotopdevicky/video/7605292188854930710
2026-02-11,16:00,Programado,anillo_simson,No llega a 15€ el Anillo Simson 🔥,https://www.tiktok.com/@lotopdevicky/video/7605294029365939478
2026-02-11,20:15,Programado,botella_bottle_bottle,No llega a 25€ la Botella Bottle Bottle 🔥,https://www.tiktok.com/@lotopdevicky/video/7605928969292041494
2026-02-12,8:32,Programado,aceite_oregano_vivonu,Pack de 3 con 1 gratis en Aceite de Orégano VivoNu 🔥,https://www.tiktok.com/@lotopdevicky/video/7605296805252713750
2026-02-12,10:32,Programado,anillo_simson,No llega a 15€ el Anillo Simson 🔥,https://www.tiktok.com/@lotopdevicky/video/7605297385421458710
2026-02-12,12:23,Programado,botella_bottle_bottle,No llega a 25€ la Botella Bottle Bottle 🔥,https://www.tiktok.com/@lotopdevicky/video/7605298564444523798
2026-02-12,17:41,Programado,anillo_simson,No llega a 15€ el Anillo Simson 🔥,https://www.tiktok.com/@lotopdevicky/video/7605298080174411030
2026-02-12,20:14,Programado,aceite_oregano_vivonu,Pack de 3 con 1 gratis en Aceite de Orégano VivoNu 🔥,https://www.tiktok.com/@lotopdevicky/video/7605299011460893974
2026-02-13,9:15,Programado,anillo_simson,No llega a 15€ el Anillo Simson 🔥,https://www.tiktok.com/@lotopdevicky/video/7605884516585966870
2026-02-13,11:00,Programado,anillo_simson,No llega a 15€ el Anillo Simson 🔥,https://www.tiktok.com/@lotopdevicky/video/7605885157849025814
2026-02-13,13:20,Programado,arrancador_coche_EIGOTRAV,10€ de cupón en Arrancador de Batería EIGOTRAV 🔥,https://www.tiktok.com/@lotopdevicky/video/7605886650526338327
2026-02-13,14:40,Programado,arrancador_coche_EIGOTRAV,10€ de cupón en Arrancador de Batería EIGOTRAV 🔥,https://www.tiktok.com/@lotopdevicky/video/7605887062444739862
2026-02-13,16:10,Programado,botella_bottle_bottle,No llega a 25€ la Botella Bottle Bottle 🔥,https://www.tiktok.com/@lotopdevicky/video/7605888762606046486
2026-02-14,8:24,Programado,anillo_simson,No llega a 15€ el Anillo Simson 🔥,https://www.tiktok.com/@lotopdevicky/video/7605889236901858562
2026-02-14,11:50,Programado,anillo_simson,No llega a 15€ el Anillo Simson 🔥,https://www.tiktok.com/@lotopdevicky/video/7605890285213617430
2026-02-14,14:15,Programado,arrancador_coche_EIGOTRAV,10€ de cupón en Arrancador de Batería EIGOTRAV 🔥,https://www.tiktok.com/@lotopdevicky/video/7605891027550899478
2026-02-15,8:30,Programado,anillo_simson,No llega a 15€ el Anillo Simson 🔥,https://www.tiktok.com/@lotopdevicky/video/7605892729012374806
2026-02-15,10:39,Programado,anillo_simson,No llega a 15€ el Anillo Simson 🔥,https://www.tiktok.com/@lotopdevicky/video/7605893000119684354
2026-02-15,12:15,Programado,arrancador_coche_EIGOTRAV,10€ de cupón en Arrancador de Batería EIGOTRAV 🔥,https://www.tiktok.com/@lotopdevicky/video/7605893324653759766
2026-02-16,10:23,Programado,anillo_simson,No llega a 15€ el Anillo Simson 🔥,https://www.tiktok.com/@lotopdevicky/video/7605895751880740118
2026-02-16,12:53,Programado,anillo_simson,No llega a 15€ el Anillo Simson 🔥,https://www.tiktok.com/@lotopdevicky/video/7605896612132474134
2026-02-16,15:20,Programado,arrancador_coche_EIGOTRAV,10€ de cupón en Arrancador de Batería EIGOTRAV 🔥,https://www.tiktok.com/@lotopdevicky/video/7605897375156079894
2026-02-17,8:00,Programado,Taza_cafe_inteligente_tapa,Por menos de 10€ en Taza de café inteligente con tapa 🔥,https://www.tiktok.com/@lotopdevicky/video/7607898057954348310
2026-02-17,8:43,Programado,anillo_simson,No llega a 15€ el Anillo Simson 🔥,https://www.tiktok.com/@lotopdevicky/video/7605898063164525827
2026-02-17,9:42,Programado,Taza_cafe_inteligente_tapa,Por menos de 10€ en Taza de café inteligente con tapa 🔥,https://www.tiktok.com/@lotopdevicky/video/7607898515011849494
2026-02-17,10:15,Programado,arrancador_coche_EIGOTRAV,10€ de cupón en Arrancador de Batería EIGOTRAV 🔥,https://www.tiktok.com/@lotopdevicky/video/7605898387845598486
2026-02-17,12:24,Programado,anillo_simson,No llega a 15€ el Anillo Simson 🔥,https://www.tiktok.com/@lotopdevicky/video/7607900950338063638
2026-02-17,12:35,Programado,botella_bottle_bottle,No llega a 25€ la Botella Bottle Bottle 🔥,https://www.tiktok.com/@lotopdevicky/video/7605901125576838422
2026-02-17,13:18,Programado,anillo_simson,No llega a 15€ el Anillo Simson 🔥,https://www.tiktok.com/@lotopdevicky/video/7607901436638252310
2026-02-17,14:26,Programado,aceite_oregano_vivonu,Pack de 3 con 1 gratis en Aceite de Orégano VivoNu 🔥,https://www.tiktok.com/@lotopdevicky/video/7605900322313211158
2026-02-17,18:42,Programado,arrancador_coche_EIGOTRAV,10€ de cupón en Arrancador de Batería EIGOTRAV 🔥,https://www.tiktok.com/@lotopdevicky/video/7605898858211626262
2026-02-18,8:00,Programado,Taza_cafe_inteligente_tapa,Por menos de 10€ en Taza de café inteligente con tapa 🔥,https://www.tiktok.com/@lotopdevicky/video/7607903675318635798
2026-02-18,9:10,Programado,arrancador_coche_EIGOTRAV,10€ de cupón en Arrancador de Batería EIGOTRAV 🔥,https://www.tiktok.com/@lotopdevicky/video/7605901669775232259
2026-02-18,10:00,Programado,Taza_cafe_inteligente_tapa,Por menos de 10€ en Taza de café inteligente con tapa 🔥,https://www.tiktok.com/@lotopdevicky/video/7607904359862717699
2026-02-18,11:15,Programado,botella_bottle_bottle,No llega a 25€ la Botella Bottle Bottle 🔥,https://www.tiktok.com/@lotopdevicky/video/7605902500000025878
2026-02-18,12:40,Programado,anillo_simson,No llega a 15€ el Anillo Simson 🔥,https://www.tiktok.com/@lotopdevicky/video/7607906491202276630
2026-02-18,13:20,Programado,aceite_oregano_vivonu,Pack de 3 con 1 gratis en Aceite de Orégano VivoNu 🔥,https://www.tiktok.com/@lotopdevicky/video/7605902889185217814
2026-02-18,13:46,Programado,anillo_simson,No llega a 15€ el Anillo Simson 🔥,https://www.tiktok.com/@lotopdevicky/video/7607906876201782550
2026-02-18,17:30,Programado,arrancador_coche_EIGOTRAV,10€ de cupón en Arrancador de Batería EIGOTRAV 🔥,https://www.tiktok.com/@lotopdevicky/video/7605902204247035158
2026-02-18,20:20,Programado,anillo_simson,No llega a 15€ el Anillo Simson 🔥,https://www.tiktok.com/@lotopdevicky/video/7605903323597638934
2026-02-19,8:00,Programado,Taza_cafe_inteligente_tapa,Por menos de 10€ en Taza de café inteligente con tapa 🔥,https://www.tiktok.com/@lotopdevicky/video/7607921104111406358
2026-02-19,9:33,Programado,Taza_cafe_inteligente_tapa,Por menos de 10€ en Taza de café inteligente con tapa 🔥,https://www.tiktok.com/@lotopdevicky/video/7607922148367240470
2026-02-19,13:02,Programado,anillo_simson,No llega a 15€ el Anillo Simson 🔥,https://www.tiktok.com/@lotopdevicky/video/7607923021310938390
2026-02-19,13:56,Programado,anillo_simson,No llega a 15€ el Anillo Simson 🔥,https://www.tiktok.com/@lotopdevicky/video/7607923021310938390
2026-02-20,22:57,Programado,anillo_simson,No llega a 15€ el Anillo Simson 🔥,https://www.tiktok.com/@lotopdevicky/video/7609038803893800214
2026-02-22,13:10,Programado,aceite_oregano_vivonu,7 céntimos por cápsula hoy en Aceite de Orégano VivoNu 🔥,https://www.tiktok.com/@lotopdevicky/video/7609327839850040598
2026-02-22,14:20,Programado,melatonina_aldous_500,500 noches por menos de 22€ en Melatonina Aldous Bio 🔥,https://www.tiktok.com/@lotopdevicky/video/7609328494211829014
2026-02-24,12:11,Programado,melatonina_aldous_500,500 noches por menos de 22€ en Melatonina Aldous Bio 🔥,https://www.tiktok.com/@lotopdevicky/video/7609605173329087766
2026-02-25,8:00,Programado,bateria_power_bank_5000,No llega a 7€ el Power Bank Magnético 5000mAh 🔥,https://www.tiktok.com/@lotopdevicky/video/7609968260779379990
2026-02-25,9:40,Programado,botella_bottle_bottle,No llega a 25€ la Botella Bottle Bottle 🔥,https://www.tiktok.com/@lotopdevicky/video/7609969822213967126
2026-02-25,10:37,Programado,bateria_power_bank_5000,POR MENOS DE 7€ en Power Bank Magnético 5000mAh 🔥,https://www.tiktok.com/@lotopdevicky/video/7609969303537847554
2026-02-25,11:31,Programado,melatonina_aldous_500,Cada comprimido por solo 4 céntimos en Melatonina Aldous Bio 500,https://www.tiktok.com/@lotopdevicky/video/7609968905074773250
2026-02-25,12:31,Programado,botella_bottle_bottle,Se queda por debajo de 25€ la Botella Bottle Bottle 🔥,https://www.tiktok.com/@lotopdevicky/video/7609971234746551574
2026-02-25,13:16,Programado,MINISO_MS180_Auriculares_Bluetooth,Por debajo de 18€ hoy en Auriculares Bluetooth MS180 MINISO 🔥,https://www.tiktok.com/@lotopdevicky/video/7609970624747932950
2026-02-25,14:11,Programado,aceite_oregano_vivonu,7 céntimos por cápsula en Aceite de Orégano VivoNu (300 cápsulas),https://www.tiktok.com/@lotopdevicky/video/7609972283741981974
2026-02-28,8:00,Programado,bateria_power_bank_5000,Power Bank Magnético 5000mAh por debajo de 7€ 🔥,https://www.tiktok.com/@lotopdevicky/video/7611257705055178006
2026-03-02,13:20,Programado,anillo_simson,No llega a 15€ el Anillo Simson 🔥,https://www.tiktok.com/@lotopdevicky/video/7611844148877970710