Batch,Video ID,Hook,Brolls,Audio,Created
1,melatonina_batch001_video_001,hook_oveja.mp4,"g_1.mp4, c_2.mp4, d_4.mp4, a_2.mp4, h_1.mp4, b_1.mp4",melatonina5.m4a,2026-02-05T19:25:34.130460
1,melatonina_batch001_video_002,hook_ovejasorpresa.mp4,"c_3.mp4, b_1.mp4, d_4.mp4, e_2.mp4, a_1.mp4, g_2.mp4",melatonina5.m4a,2026-02-05T19:25:34.130460
1,melatonina_batch001_video_003,hook_ovejasorpresa.mp4,"g_2.mp4, d_1.mp4, c_1.mp4, f_3.mp4, h_2.mp4, a_2.mp4",melatonina2.m4a,2026-02-05T19:25:34.130460
2,melatonina_batch002_video_001,hook_zoom_START1.mp4,"c_4.mp4, g_1.mp4, h_1.mp4, b_2.mp4, f_1.mp4, d_1.mp4",melatonina1.m4a,2026-02-05T19:30:30.076802
2,melatonina_batch002_video_002,hook_lanzacabra_START1.mp4,"c_4.mp4, h_3.mp4, e_2.mp4, a_2.mp4, f_3.mp4, d_4.mp4",melatonina3.m4a,2026-02-05T19:30:30.076802
2,melatonina_batch002_video_003,hook_patas.mp4,"g_1.mp4, f_1.mp4, d_2.mp4, b_1.mp4, e_2.mp4, c_4.mp4",melatonina3.m4a,2026-02-05T19:30:30.076802
3,melatonina_batch003_video_001,hook_oveja-zampa.mp4,"d_4.mp4, f_2.mp4, g_2.mp4, c_1.mp4, a_2.mp4, h_2.mp4",melatonina6.m4a,2026-02-06T09:14:43.655133
4,melatonina_batch004_video_001,hook_genio.mp4,"f_2.mp4, g_2.mp4, a_2.mp4, d_3.mp4, b_2.mp4, h_2.mp4",melatonina3.m4a,2026-02-06T09:15:14.808554
5,melatonina_batch005_video_001,hook_oveja-zampa.mp4,"g_1.mp4, f_1.mp4, c_3.mp4, a_2.mp4, h_1.mp4, e_1.mp4",melatonina2.m4a,2026-02-06T09:15:36.851636
6,melatonina_batch006_video_001,hook_lanzacabra_START1.mp4,"h_2.mp4, d_4.mp4, f_1.mp4, a_3.mp4, b_2.mp4, c_1.mp4",melatonina6.m4a,2026-02-06T09:36:32.636967
7,melatonina_batch007_video_001,hook_genio.mp4,"b_1.mp4, h_1.mp4, g_3.mp4, a_1.mp4, f_1.mp4, d_2.mp4",melatonina3.m4a,2026-02-06T09:36:58.414863
8,melatonina_batch008_video_001,hook_sabana.mp4,"b_2.mp4, a_2.mp4, f_3.mp4, d_4.mp4, h_1.mp4, g_3.mp4",c1_melatonina.m4a,2026-02-06T12:09:17.888165
8,melatonina_hookF_batch008_002,F_hook_move_START1.mp4,"a_1.mp4, g_2.mp4, d_4.mp4, b_1.mp4, h_3.mp4, e_2.mp4",a1_melatonina.m4a,2026-02-06T12:09:17.888165
8,melatonina_hookG_batch008_003,G_hook_oveja.mp4,"h_3.mp4, a_1.mp4, d_3.mp4, c_2.mp4, f_3.mp4, e_1.mp4",c1_melatonina.m4a,2026-02-06T12:09:17.888165
8,melatonina_hookB_batch008_004,B_hook_boom.mp4,"d_4.mp4, a_2.mp4, h_1.mp4, c_2.mp4, g_2.mp4, f_2.mp4",c1_melatonina.m4a,2026-02-06T12:09:17.888165
8,melatonina_hookA_batch008_005,A_hook.mp4,"b_2.mp4, f_2.mp4, d_1.mp4, g_1.mp4, c_4.mp4, e_1.mp4",c2_melatonina.m4a,2026-02-06T12:09:17.888165
9,melatonina_hookA_batch009_001,A_hook.mp4,"g_4.mp4, d_1.mp4, h_3.mp4, c_1.mp4, f_2.mp4, e_2.mp4",b2_melatonina.m4a,2026-02-06T12:25:50.310939
9,melatonina_hookG_batch009_002,G_hook_oveja.mp4,"h_2.mp4, c_3.mp4, b_1.mp4, d_2.mp4, e_1.mp4, a_2.mp4",b1_melatonina.m4a,2026-02-06T12:25:50.310939
9,melatonina_hookA_batch009_003,A_hook.mp4,"g_4.mp4, f_2.mp4, d_4.mp4, c_4.mp4, b_1.mp4, h_3.mp4",c2_melatonina.m4a,2026-02-06T12:25:50.310939
9,melatonina_hookC_batch009_004,C_hook_genio.mp4,"f_2.mp4, b_2.mp4, g_1.mp4, a_1.mp4, d_3.mp4, e_1.mp4",a2_melatonina.m4a,2026-02-06T12:25:50.310939
9,melatonina_hookD_batch009_005,D_hook_lanzacabra_START1.mp4,"g_4.mp4, c_1.mp4, h_3.mp4, f_3.mp4, e_2.mp4, b_1.mp4",a2_melatonina.m4a,2026-02-06T12:25:50.310939
10,melatonina_hookD_batch010_001,D_hook_lanzacabra_START1.mp4,"b_1.mp4, g_2.mp4, c_4.mp4, h_2.mp4, f_1.mp4, a_1.mp4",c1_melatonina.m4a,2026-02-06T12:44:11.365501
11,melatonina_hookB_batch011_001,B_hook_boom.mp4,"c_1.mp4, f_1.mp4, d_1.mp4, e_1.mp4, h_2.mp4, g_4.mp4",c1_melatonina.m4a,2026-02-06T13:45:32.706533
11,melatonina_hookC_batch011_002,C_hook_genio.mp4,"h_3.mp4, f_2.mp4, a_1.mp4, b_1.mp4, e_2.mp4, g_1.mp4",b1_melatonina.m4a,2026-02-06T13:45:32.706533
11,melatonina_hookE_batch011_003,E_hook_mesilla.mp4,"c_2.mp4, g_2.mp4, a_1.mp4, f_3.mp4, d_4.mp4, h_1.mp4",b2_melatonina.m4a,2026-02-06T13:45:32.706533
11,melatonina_hookF_batch011_004,F_hook_move_START1.mp4,"c_1.mp4, g_2.mp4, d_1.mp4, e_1.mp4, a_3.mp4, h_3.mp4",c2_melatonina.m4a,2026-02-06T13:45:32.706533
11,melatonina_hookF_batch011_005,F_hook_move_START1.mp4,"d_2.mp4, c_3.mp4, g_2.mp4, h_1.mp4, a_3.mp4, b_2.mp4",c2_melatonina.m4a,2026-02-06T13:45:32.706533
11,melatonina_hookF_batch011_006,F_hook_move_START1.mp4,"b_2.mp4, h_1.mp4, a_2.mp4, c_3.mp4, e_1.mp4, d_3.mp4",c1_melatonina.m4a,2026-02-06T13:45:32.706533
11,melatonina_hookH_batch011_007,H_hook_ovejasorpresa.mp4,"a_3.mp4, d_3.mp4, c_2.mp4, f_3.mp4, g_4.mp4, e_1.mp4",a1_melatonina.m4a,2026-02-06T13:45:32.706533
11,melatonina_hookI_batch011_008,I_hook_oveja-zampa.mp4,"g_2.mp4, h_2.mp4, f_3.mp4, d_4.mp4, b_2.mp4, c_1.mp4",c1_melatonina.m4a,2026-02-06T13:45:32.706533
11,melatonina_hookA_batch011_009,A_hook.mp4,"f_1.mp4, e_1.mp4, h_2.mp4, d_4.mp4, g_1.mp4, c_4.mp4",b1_melatonina.m4a,2026-02-06T13:45:32.706533
11,melatonina_hookB_batch011_010,B_hook_boom.mp4,"f_2.mp4, d_4.mp4, g_2.mp4, a_3.mp4, c_2.mp4, e_2.mp4",b1_melatonina.m4a,2026-02-06T13:45:32.706533
12,melatonina_hookA_batch012_001,A_hook.mp4,"d_2.mp4, f_3.mp4, h_2.mp4, c_2.mp4, g_4.mp4, e_1.mp4",b2_melatonina.m4a,2026-02-06T15:56:13.098286
12,melatonina_hookL_batch012_002,L_hook_zoom_START1.mp4,"h_1.mp4, c_1.mp4, a_3.mp4, d_4.mp4, e_1.mp4, f_1.mp4",c2_melatonina.m4a,2026-02-06T15:56:13.098286
12,melatonina_hookB_batch012_003,B_hook_boom.mp4,"g_1.mp4, a_3.mp4, f_2.mp4, c_1.mp4, d_1.mp4, e_1.mp4",b1_melatonina.m4a,2026-02-06T15:56:13.098286
12,melatonina_hookJ_batch012_004,J_hook_patas.mp4,"g_2.mp4, d_1.mp4, h_3.mp4, f_1.mp4, e_1.mp4, a_2.mp4",c2_melatonina.m4a,2026-02-06T15:56:13.098286
12,melatonina_hookH_batch012_005,H_hook_ovejasorpresa.mp4,"g_1.mp4, b_1.mp4, f_1.mp4, c_4.mp4, a_3.mp4, e_2.mp4",a1_melatonina.m4a,2026-02-06T15:56:13.098286
12,melatonina_hookH_batch012_006,H_hook_ovejasorpresa.mp4,"a_2.mp4, b_2.mp4, d_4.mp4, e_2.mp4, f_1.mp4, g_4.mp4",a1_melatonina.m4a,2026-02-06T15:56:13.098286
12,melatonina_hookC_batch012_007,C_hook_genio.mp4,"d_3.mp4, a_2.mp4, e_2.mp4, g_4.mp4, h_1.mp4, f_2.mp4",a2_melatonina.m4a,2026-02-06T15:56:13.098286
12,melatonina_hookK_batch012_008,K_hook_sabana.mp4,"d_3.mp4, g_2.mp4, c_1.mp4, b_2.mp4, a_1.mp4, h_3.mp4",c2_melatonina.m4a,2026-02-06T15:56:13.098286
12,melatonina_hookA_batch012_009,A_hook.mp4,"g_2.mp4, c_1.mp4, d_3.mp4, h_1.mp4, f_1.mp4, b_2.mp4",a1_melatonina.m4a,2026-02-06T15:56:13.098286
12,melatonina_hookI_batch012_010,I_hook_oveja-zampa.mp4,"d_3.mp4, h_2.mp4, e_2.mp4, f_1.mp4, g_2.mp4, b_2.mp4",b2_melatonina.m4a,2026-02-06T15:56:13.098286
12,melatonina_hookB_batch012_011,B_hook_boom.mp4,"g_3.mp4, d_3.mp4, h_1.mp4, e_1.mp4, c_4.mp4, f_1.mp4",c2_melatonina.m4a,2026-02-06T15:56:13.098286
12,melatonina_hookF_batch012_012,F_hook_move_START1.mp4,"c_4.mp4, e_1.mp4, a_1.mp4, h_1.mp4, d_3.mp4, g_4.mp4",b2_melatonina.m4a,2026-02-06T15:56:13.098286
12,melatonina_hookE_batch012_013,E_hook_mesilla.mp4,"c_3.mp4, h_2.mp4, d_4.mp4, a_2.mp4, f_3.mp4, b_2.mp4",b2_melatonina.m4a,2026-02-06T15:56:13.098286
12,melatonina_hookK_batch012_014,K_hook_sabana.mp4,"a_2.mp4, d_1.mp4, c_2.mp4, h_1.mp4, b_2.mp4, f_2.mp4",b2_melatonina.m4a,2026-02-06T15:56:13.098286
12,melatonina_hookL_batch012_015,L_hook_zoom_START1.mp4,"f_1.mp4, a_1.mp4, d_2.mp4, c_1.mp4, h_3.mp4, g_3.mp4",a2_melatonina.m4a,2026-02-06T15:56:13.098286
12,melatonina_hookD_batch012_016,D_hook_lanzacabra_START1.mp4,"a_1.mp4, h_1.mp4, f_2.mp4, c_2.mp4, e_2.mp4, b_1.mp4",b2_melatonina.m4a,2026-02-06T15:56:13.098286
12,melatonina_hookC_batch012_017,C_hook_genio.mp4,"h_3.mp4, g_4.mp4, d_1.mp4, b_2.mp4, f_2.mp4, e_2.mp4",a2_melatonina.m4a,2026-02-06T15:56:13.098286
12,melatonina_hookA_batch012_018,A_hook.mp4,"h_3.mp4, d_2.mp4, g_2.mp4, b_1.mp4, c_4.mp4, e_1.mp4",c1_melatonina.m4a,2026-02-06T15:56:13.098286
12,melatonina_hookA_batch012_019,A_hook.mp4,"d_2.mp4, f_2.mp4, c_2.mp4, g_3.mp4, b_2.mp4, h_1.mp4",c2_melatonina.m4a,2026-02-06T15:56:13.098286
12,melatonina_hookA_batch012_020,A_hook.mp4,"g_2.mp4, e_1.mp4, d_3.mp4, f_3.mp4, c_4.mp4, h_3.mp4",a1_melatonina.m4a,2026-02-06T15:56:13.098286
13,melatonina_hookC_batch013_001,C_hook_genio.mp4,"h_3.mp4, d_3.mp4, g_1.mp4, a_2.mp4, b_2.mp4, f_1.mp4",a1_melatonina.m4a,2026-02-06T16:18:24.065813
13,melatonina_hookD_batch013_002,D_hook_lanzacabra_START1.mp4,"g_3.mp4, f_3.mp4, h_1.mp4, c_1.mp4, e_2.mp4, a_1.mp4",c1_melatonina.m4a,2026-02-06T16:18:24.065813
13,melatonina_hookE_batch013_003,E_hook_mesilla.mp4,"a_1.mp4, h_1.mp4, d_3.mp4, c_4.mp4, g_2.mp4, f_1.mp4",c2_melatonina.m4a,2026-02-06T16:18:24.065813
13,melatonina_hookC_batch013_004,C_hook_genio.mp4,"d_3.mp4, g_3.mp4, a_1.mp4, h_1.mp4, b_1.mp4, f_1.mp4",c1_melatonina.m4a,2026-02-06T16:18:24.065813
13,melatonina_hookG_batch013_005,G_hook_oveja.mp4,"h_1.mp4, b_2.mp4, c_3.mp4, d_4.mp4, f_2.mp4, a_3.mp4",c2_melatonina.m4a,2026-02-06T16:18:24.065813
13,melatonina_hookD_batch013_006,D_hook_lanzacabra_START1.mp4,"b_1.mp4, h_3.mp4, e_2.mp4, f_2.mp4, c_4.mp4, g_4.mp4",c1_melatonina.m4a,2026-02-06T16:18:24.065813
13,melatonina_hookE_batch013_007,E_hook_mesilla.mp4,"b_2.mp4, h_2.mp4, d_2.mp4, a_2.mp4, g_2.mp4, c_2.mp4",c2_melatonina.m4a,2026-02-06T16:18:24.065813
13,melatonina_hookF_batch013_008,F_hook_move_START1.mp4,"h_1.mp4, c_4.mp4, a_3.mp4, b_1.mp4, e_1.mp4, d_4.mp4",a2_melatonina.m4a,2026-02-06T16:18:24.065813
13,melatonina_hookE_batch013_009,E_hook_mesilla.mp4,"g_1.mp4, f_3.mp4, c_2.mp4, h_1.mp4, a_2.mp4, d_2.mp4",b1_melatonina.m4a,2026-02-06T16:18:24.065813
13,melatonina_hookC_batch013_010,C_hook_genio.mp4,"h_1.mp4, d_2.mp4, g_1.mp4, b_2.mp4, e_2.mp4, f_3.mp4",a2_melatonina.m4a,2026-02-06T16:18:24.065813
14,melatonina_hookH_batch014_001,H_hook_ovejasorpresa.mp4,"a_1.mp4, f_3.mp4, d_1.mp4, c_4.mp4, b_1.mp4, g_4.mp4",b2_melatonina.m4a,2026-02-06T18:37:49.865677
14,melatonina_hookD_batch014_002,D_hook_lanzacabra_START1.mp4,"a_2.mp4, e_2.mp4, c_3.mp4, f_3.mp4, g_1.mp4, b_2.mp4",c2_melatonina.m4a,2026-02-06T18:37:49.865677
14,melatonina_hookL_batch014_003,L_hook_zoom_START1.mp4,"h_2.mp4, g_3.mp4, c_2.mp4, a_3.mp4, d_1.mp4, b_2.mp4",c1_melatonina.m4a,2026-02-06T18:37:49.865677
14,melatonina_hookF_batch014_004,F_hook_move_START1.mp4,"h_1.mp4, a_1.mp4, g_3.mp4, d_2.mp4, c_4.mp4, b_1.mp4",c2_melatonina.m4a,2026-02-06T18:37:49.865677
14,melatonina_hookK_batch014_005,K_hook_sabana.mp4,"f_2.mp4, b_1.mp4, d_1.mp4, c_4.mp4, h_3.mp4, g_2.mp4",b1_melatonina.m4a,2026-02-06T18:37:49.865677
14,melatonina_hookE_batch014_006,E_hook_mesilla.mp4,"g_1.mp4, a_2.mp4, d_4.mp4, f_1.mp4, c_4.mp4, b_1.mp4",a2_melatonina.m4a,2026-02-06T18:37:49.865677
14,melatonina_hookB_batch014_007,B_hook_boom.mp4,"d_1.mp4, g_3.mp4, a_1.mp4, h_2.mp4, e_2.mp4, c_1.mp4",a2_melatonina.m4a,2026-02-06T18:37:49.865677
14,melatonina_hookA_batch014_008,A_hook.mp4,"c_2.mp4, d_1.mp4, g_4.mp4, h_3.mp4, f_3.mp4, e_1.mp4",c2_melatonina.m4a,2026-02-06T18:37:49.865677
